{
    "audio_device": "front:CARD=Device,DEV=0",
    "percentage_to_gain": [
        {
            "0": 0.0012,
            "10": 0.0032000000000000015,
            "20": 0.004600000000000003,
            "30": 0.0062,
            "40": 0.0076,
            "50": 0.009000000000000001,
            "60": 0.0106,
            "70": 0.012,
            "80": 0.0134,
            "90": 0.0152,
            "100": 0.017105263157894738
        },
        {
            "0": 0.002,
            "10": 0.0036000000000000016,
            "20": 0.005000000000000004,
            "30": 0.006600000000000001,
            "40": 0.008,
            "50": 0.0094,
            "60": 0.011000000000000001,
            "70": 0.0124,
            "80": 0.0138,
            "90": 0.015600000000000001,
            "100": 0.017084375000000002
        }
    ]
}
